account_id,account_holder_name,account_creation_date,account_status
1,Janeta Robiot,2024-02-20,closed
2,Jarib Baser,2023-11-17,closed
3,Thoma Linskey,2024-07-14,active
4,Lil Quare,2021-09-06,closed
5,Jocelyn Nassi,2021-09-02,closed
6,Micheil Denne,2024-01-29,closed
7,Stanford Cressor,2023-04-12,closed
8,Egon Barrott,2022-06-30,closed
9,Van Ling,2023-01-16,closed
10,Oberon Egan,2023-06-06,closed
11,Bobinette Nettle,2023-04-13,closed
12,Jimmie Dows,2023-06-18,active
13,Chicky Figge,2024-06-11,closed
14,Merrily Brearton,2021-12-15,closed
15,Pammi Andryunin,2021-12-06,active
16,Angelica Rau,2022-10-27,active
17,Nichols Sille,2021-06-23,active
18,Shaina Morkham,2023-07-23,active
19,Rodge Giottini,2022-09-23,active
20,Martino Cleevely,2023-09-06,closed
21,Otes Huet,2022-02-01,active
22,Melodie Leamy,2024-06-22,active
23,Yorgos Wessel,2023-04-25,closed
24,Olly Esberger,2023-03-18,closed
25,Modesty Redpath,2022-04-20,closed
26,Tiebout Sitwell,2022-04-07,closed
27,Anthe Housbie,2022-10-02,closed
28,Amalita Stayte,2024-05-23,active
29,Lyndy Essel,2022-12-08,active
30,Granger Chelam,2023-12-09,closed
31,Royce Jakovijevic,2023-05-29,closed
32,Hedda Ailward,2024-05-03,active
33,Mimi Cawthorn,2022-01-22,active
34,Dick Gilfillan,2023-02-15,active
35,Sebastian Robardet,2024-07-27,active
36,Timothee Levicount,2021-07-05,active
37,Elke Charman,2022-11-03,closed
38,Wakefield Puttock,2024-02-06,closed
39,Elmo Ghioni,2024-04-27,active
40,Kittie Tottie,2024-06-12,closed
41,Ashlen Brabender,2023-04-13,closed
42,Babs Niemiec,2022-10-31,closed
43,Lizzie Websdale,2024-04-21,active
44,Guilbert Lant,2022-02-09,active
45,Phil Corteis,2023-05-29,closed
46,Iris Derycot,2023-12-11,active
47,Karil Groarty,2023-12-04,closed
48,Rodger Feldhuhn,2021-06-27,active
49,Rickert Gorgen,2023-11-10,closed
50,Neron June,2022-02-05,closed
51,Gallard Craigheid,2022-03-22,active
52,Evey Heino,2024-02-25,active
53,Mike Philipsson,2023-08-26,active
54,Gloriane Lathwell,2022-03-06,closed
55,Maddie Solomon,2023-10-04,closed
56,Ignacius Keppe,2022-07-19,closed
57,Farand Buckoke,2021-09-20,active
58,Estrella Greening,2023-08-19,closed
59,Lynne McCracken,2024-05-15,active
60,Cleopatra Ambrose,2022-09-22,active
61,Merle Sebring,2022-03-10,active
62,Jacquenetta Backman,2021-08-21,closed
63,Hugues Wayte,2022-01-03,closed
64,Katerine Chadbourn,2021-07-06,active
65,Kandy Barham,2024-01-15,closed
66,Shalne Cattrall,2024-06-05,closed
67,Loraine Flower,2023-04-04,active
68,Nisse Sarch,2023-01-26,active
69,Annice Valett,2023-09-30,active
70,Wait Malinowski,2022-01-31,closed
71,Arnoldo Bull,2024-03-29,active
72,Rhody Shevels,2023-07-13,closed
73,Brant Procter,2024-05-21,closed
74,Bella Byrd,2023-01-08,closed
75,Chrissy Hrachovec,2021-11-16,active
76,Maurene Carpenter,2021-07-02,active
77,Haslett Cuffley,2023-08-04,closed
78,Weston Sergean,2022-10-12,active
79,Kelwin Gilston,2023-05-13,active
80,Natal Vanichkov,2022-01-16,closed
81,Damaris Totman,2024-02-29,active
82,Rochester Blinman,2023-11-01,active
83,Diane-marie Screwton,2023-12-06,closed
84,Betteann Bannell,2021-09-19,active
85,Farrell Mallen,2024-05-05,active
86,Aigneis Navarre,2023-07-20,active
87,Jessi Acomb,2024-02-05,active
88,Emmit Nunes Nabarro,2023-05-18,active
89,Golda Andrioli,2022-11-04,closed
90,Yorgo Petrosian,2022-10-25,active
91,Danice Youthead,2023-01-16,active
92,Roxanna Zmitrichenko,2021-09-11,closed
93,Kaylyn Pamment,2022-10-27,active
94,Antonina Emeline,2022-08-04,active
95,Fifine Vuittet,2023-12-07,closed
96,Brod Percifull,2022-02-09,closed
97,Nahum Carlow,2023-05-17,active
98,Conny Lyddy,2024-06-18,closed
99,Julieta Ong,2021-06-24,closed
100,Bill Kemp,2024-01-25,closed
101,Karry Cartman,2022-01-30,active
102,Lonna McLelland,2024-01-03,closed
103,Kerby Proom,2022-10-17,active
104,Deanna Baudoux,2022-03-16,closed
105,Monty Baudins,2023-01-04,active
106,Minnie Yerbury,2022-12-03,active
107,Ora Hellikes,2021-10-04,active
108,Jamison Jedrych,2023-03-25,closed
109,Tandie Logue,2024-03-08,closed
110,Madel Glanvill,2022-02-20,closed
111,Galvan Bartusek,2021-12-07,active
112,Hamlin Roocroft,2023-07-09,closed
113,Zeb Truran,2022-08-31,closed
114,Jasper Trigg,2023-09-27,closed
115,Ara Stearne,2023-09-24,active
116,Goldarina Janouch,2023-12-26,active
117,Talbert Penk,2023-01-10,active
118,Fraze Robertz,2024-07-15,closed
119,Port Kesby,2024-04-19,active
120,Janette Schooling,2023-03-19,active
121,Hussein Plumridge,2022-04-06,closed
122,Elsbeth Hamman,2021-11-23,closed
123,Madlin Percifull,2023-10-30,closed
124,Maximilian Khadir,2023-05-22,active
125,Lindsay Christofle,2022-12-30,active
126,Brnaby Ward,2021-12-29,active
127,Jud Earp,2024-07-07,closed
128,Irv Triggel,2022-11-26,closed
129,Josy Palleske,2022-11-09,closed
130,Wynny Copcott,2022-05-11,closed
131,Bradly Fairbard,2023-01-21,active
132,Boonie Astie,2024-05-12,closed
133,Ailyn Smitherham,2023-05-01,closed
134,Edgar Hynam,2023-05-09,closed
135,Mala Godsafe,2021-12-16,active
136,Rozina De Malchar,2022-08-23,active
137,Orelia McCormick,2021-09-01,active
138,Luce Blount,2021-12-23,active
139,Maire Bradbrook,2022-01-23,closed
140,Alane Rudd,2022-11-25,closed
141,Celestine Themann,2023-04-27,closed
142,Lauree Gillmore,2024-04-05,closed
143,Gerrie Meechan,2022-10-07,active
144,Darn Visick,2024-03-20,closed
145,Aubert Trethewey,2022-01-07,active
146,Matteo Gasperi,2022-07-30,active
147,Christiano O'Hartnedy,2023-05-26,active
148,Rene Mitie,2022-07-01,active
149,Nicola Derrington,2024-07-14,closed
150,Mart Havock,2022-11-22,closed
151,Antoine Manderson,2022-05-20,active
152,Ursula Duell,2024-01-20,closed
153,Pate Brusle,2023-02-22,active
154,Marys Huyche,2024-02-14,closed
155,Benedick Doohey,2024-07-18,closed
156,Colby Speare,2022-04-02,closed
157,Kati Pitkins,2023-12-09,closed
158,Morgun Sutliff,2024-04-29,active
159,Benedikta Mangin,2024-05-10,closed
160,Whitman Meak,2022-03-08,closed
161,Hillary Howkins,2022-09-18,active
162,Baryram Soar,2021-11-27,closed
163,Joel Parmley,2023-08-10,closed
164,Skip D'Abbot-Doyle,2024-01-14,active
165,Estevan Hulson,2021-10-21,active
166,Sheilakathryn Bottrell,2022-10-05,closed
167,Fidelity Meanwell,2022-09-13,active
168,Gilberta Nortunen,2023-06-07,active
169,Austin MacCafferty,2022-05-17,closed
170,Brennen Shingler,2022-11-17,active
171,Dane Wheeliker,2024-02-05,closed
172,Steve Kynd,2023-05-07,closed
173,Astra Winton,2023-09-14,active
174,Karalynn Quenell,2024-05-22,active
175,Gar Kobiera,2024-02-07,active
176,Laurette Phillcox,2022-12-22,active
177,Graham Hanfrey,2023-05-19,closed
178,Lucine Coundley,2023-06-04,closed
179,Dickie Snedker,2022-06-28,active
180,Batsheva Danielian,2022-09-28,closed
181,Rachael Rottger,2022-07-08,active
182,Vanya Swatradge,2021-06-30,closed
183,Arny Semens,2024-04-06,active
184,Ninnetta Hauck,2023-09-29,active
185,Barnabe Sankey,2023-01-13,closed
186,Damaris Faragan,2022-08-14,active
187,Delmore Greenhough,2021-12-07,active
188,Lotti Shorrock,2022-09-23,active
189,Klaus Grimme,2023-01-10,active
190,Rozanne Woodson,2022-06-23,closed
191,Monty Linton,2022-09-01,closed
192,Flss Doyle,2022-10-25,closed
193,Stormy Guillford,2023-08-25,active
194,Piper Bretland,2022-04-27,closed
195,Eduardo Meadmore,2022-01-22,closed
196,Conny Helleckas,2022-08-03,closed
197,Mamie Furtado,2024-03-12,closed
198,Allan Idle,2023-01-28,active
199,Janaye Snarie,2021-11-28,active
200,Claude Inold,2023-09-21,active
201,Margi Fluit,2022-05-01,closed
202,Gabriel Sylett,2021-09-22,closed
203,Hamid Lafford,2023-12-27,closed
204,Dede Whettleton,2022-10-16,closed
205,Cordie Blasl,2023-07-17,closed
206,Jemie Woollam,2022-04-17,active
207,Faydra Harsent,2022-09-11,active
208,Malynda Varnam,2024-02-21,active
209,Egbert Care,2024-05-24,active
210,Amble Yashin,2024-01-03,closed
211,Odey Jiracek,2022-06-07,closed
212,Marilyn Bennough,2024-01-11,closed
213,Clement Willowby,2024-06-30,active
214,Gaelan Geroldini,2021-12-14,closed
215,Lynda Plampeyn,2024-06-24,closed
216,Rae Lightbowne,2023-08-06,closed
217,Jenn Rossborough,2023-08-04,active
218,Cathi Schwand,2021-10-05,active
219,Kerrin Iorns,2024-07-13,active
220,Oswald Reary,2024-03-10,active
221,Chrisse Beardshaw,2023-12-17,active
222,Trixy Ashtonhurst,2023-11-07,active
223,Gregor Todman,2023-03-19,active
224,Mella Wyeth,2023-08-22,active
225,Ellerey Popley,2023-07-20,active
226,Elinore Polotti,2022-04-23,active
227,Kelley McCane,2024-02-29,closed
228,Phaedra Larmor,2022-04-21,closed
229,Ardisj Sebright,2024-07-03,closed
230,Shandy Delaney,2023-09-14,closed
231,Arron Bruins,2022-05-21,active
232,Arie Clementi,2024-06-11,active
233,Tiffy Leaburn,2023-08-07,active
234,Collin Lehrian,2023-10-25,closed
235,Orlando Duchart,2022-06-22,closed
236,Daven Wheatland,2024-01-07,closed
237,Bria Macon,2021-12-21,closed
238,Lindy Littlejohn,2022-02-08,closed
239,Barclay Meyer,2022-01-18,active
240,Lucila Soonhouse,2023-06-16,closed
241,Daven Skirlin,2022-02-14,active
242,Jacobo Houlaghan,2023-01-25,closed
243,Theodora Beetles,2023-08-02,active
244,Tully Melley,2023-07-17,active
245,Dionisio Cowpertwait,2022-09-26,closed
246,Carly Kincaid,2023-11-24,active
247,Friedrich Hendren,2024-04-08,active
248,Janette Dureden,2023-09-09,active
249,Lucita Westcott,2023-01-08,active
250,Leeland Coster,2022-08-10,active
251,Hulda Pires,2023-06-26,closed
252,Judie Feasby,2023-07-06,closed
253,Holly Dominelli,2023-11-07,active
254,Matthus Bendley,2023-08-27,active
255,Eberto Spiaggia,2023-06-28,closed
256,Nobie Gumley,2024-06-03,active
257,Hyacinth Master,2023-12-03,active
258,Celene Cohen,2022-06-09,closed
259,Tremain Grocott,2024-06-11,active
260,Maddi Kenealy,2023-06-20,closed
261,Chrotoem Surmeyers,2022-01-09,active
262,Doris Noice,2022-11-14,closed
263,Camel Lamborn,2023-11-22,closed
264,Mendy England,2024-04-26,active
265,Kordula Sallery,2024-01-02,closed
266,Gabi Disman,2024-02-10,active
267,Opalina Sivell,2023-08-15,closed
268,Pavel Egentan,2023-01-26,closed
269,Sunshine D'Onisi,2024-07-18,active
270,Law Rutherforth,2022-07-07,closed
271,Christoforo Whale,2024-01-13,active
272,Jacklyn Tunny,2022-12-11,active
273,Lazaro Salvatore,2024-01-08,active
274,Melesa McPhail,2024-03-15,active
275,Bernadina Thomassen,2023-12-02,closed
276,Minnaminnie Molen,2023-11-20,closed
277,Joya Featherstone,2024-04-17,closed
278,Nobe Wardel,2023-09-28,active
279,Isidor McGibbon,2022-02-19,closed
280,Darell Capewell,2022-03-17,active
281,Reinhold Jeannin,2021-12-10,active
282,Bryn Simion,2024-07-06,active
283,Gerda Papierz,2023-06-06,active
284,Felice Pods,2023-05-22,active
285,Abie Whylie,2022-07-03,active
286,Andrei Pace,2022-06-21,closed
287,Eunice Pick,2023-06-27,active
288,Sharon Grigoletti,2022-09-18,closed
289,Penrod O'Neill,2023-05-02,closed
290,Gustaf Fitzsimon,2023-12-19,active
291,Kittie Skarman,2022-06-04,closed
292,Garey Houdmont,2021-10-21,active
293,Milt Balazin,2023-06-06,closed
294,Ruttger Petchey,2022-08-10,closed
295,Elonore Simonato,2023-10-14,closed
296,Griffy Farbrace,2023-03-02,active
297,Tiffi Wittman,2022-08-21,closed
298,Nissie Sankey,2023-03-07,active
299,Marielle Powlett,2024-03-24,active
300,Theo Deavin,2021-12-16,active
301,Kelsi Joney,2024-01-15,closed
302,Olia Shear,2021-12-14,closed
303,Cassaundra Goburn,2022-11-15,active
304,Ganny Stilling,2022-05-12,closed
305,Yoko Linacre,2024-07-01,closed
306,Joete Geck,2021-09-11,closed
307,Aguistin Hakonsen,2023-09-21,active
308,Bing Heephy,2022-10-20,active
309,Aksel Vickors,2022-01-16,closed
310,Talbert Burnie,2024-05-23,closed
311,Gaby Seyers,2024-03-04,active
312,Keene Winslet,2023-01-09,closed
313,Mattias Merriment,2022-06-18,active
314,Morgen Espinas,2022-10-10,closed
315,Aymer Mundie,2024-02-28,active
316,Tillie Byre,2022-10-12,closed
317,Lynett Legendre,2022-12-07,closed
318,Jacqui Cainey,2022-02-13,closed
319,Inesita Eames,2021-12-11,closed
320,Lonni Thorne,2023-05-09,active
321,Yance Knellen,2023-03-24,closed
322,Mary Hellen,2023-05-08,active
323,Barbaraanne Eagan,2023-06-15,active
324,Ronny Boylund,2021-10-07,active
325,Wash Portinari,2022-03-13,active
326,Reeta Noni,2022-02-21,active
327,Sibyl Gheraldi,2022-05-10,closed
328,Caron Tregonna,2024-06-10,closed
329,Monti Jiruca,2023-01-23,closed
330,Norbert Campa,2022-01-27,active
331,Elaine Acland,2023-03-05,closed
332,Raimondo Reimers,2022-01-12,closed
333,Tandie Wewell,2023-09-07,active
334,Dorolisa Keasley,2024-05-02,closed
335,Care Doubleday,2022-05-18,active
336,Nannie Errowe,2021-11-16,closed
337,Torin O'Skehan,2023-03-11,active
338,Clarisse Firmager,2021-07-23,closed
339,Tressa Espadas,2022-01-05,active
340,Tedman Thomann,2022-09-09,active
341,Lorrie Furley,2024-01-30,closed
342,Huntington Buist,2022-01-24,closed
343,Rivi Crame,2021-12-08,closed
344,Beck Paybody,2022-09-26,active
345,Amalita O'Downe,2023-11-10,active
346,Aharon Rosenfelder,2023-03-10,active
347,Skelly Kelshaw,2022-07-09,active
348,Sileas Vernall,2021-07-25,active
349,Peyton Maryan,2023-05-01,closed
350,Lira Scamerden,2023-09-12,closed
351,Benetta Grute,2023-11-10,active
352,Katharyn Norvell,2022-10-18,active
353,Vidovic Smorfit,2022-01-24,closed
354,Arleta Stolze,2022-04-19,active
355,Atlante Lanmeid,2023-08-13,active
356,Nada Adamek,2023-01-28,active
357,Correna Alywin,2022-05-18,active
358,Laney Dubery,2023-07-17,active
359,Tammi Thridgould,2022-09-29,closed
360,Sigmund Pesselt,2023-11-15,closed
361,Emlynn Pavkovic,2024-03-26,closed
362,Ab Acome,2024-02-18,active
363,Jerrilyn Dumberrill,2023-03-13,active
364,Glenn Blasi,2022-08-13,active
365,Carolyne Andreix,2023-02-13,active
366,Berrie Uzzell,2022-01-03,closed
367,Bessy Chaplain,2022-11-05,closed
368,Gram Rosenstock,2023-05-11,closed
369,Martie Dunstan,2024-04-02,closed
370,Hersch McSporon,2022-09-17,closed
371,Neilla Dorre,2022-04-12,closed
372,Dorine Reggiani,2022-10-13,active
373,Nata Iacovaccio,2024-07-03,closed
374,Carey Oneal,2022-05-24,closed
375,Vick Lett,2024-07-29,active
376,Arnuad Popov,2021-08-14,closed
377,Rodrique Thody,2022-01-27,closed
378,Bryce Mowbury,2023-04-24,closed
379,Sawyere Scullard,2023-10-20,closed
380,Ode Lossman,2023-04-13,closed
381,Philipa Oldall,2024-04-06,active
382,Cristie Flay,2023-01-14,closed
383,Toddy Pires,2022-02-15,closed
384,Trumaine Jozwik,2021-11-10,closed
385,Marquita Scambler,2022-07-21,closed
386,Elyn Pymer,2021-10-18,active
387,Ddene Langstaff,2024-06-21,closed
388,Galvan Kearle,2022-04-19,closed
389,Laetitia Simeonov,2022-06-28,active
390,Kelila Maslin,2022-06-25,active
391,Ephraim Foukx,2023-09-15,closed
392,Amalee July,2023-05-25,closed
393,Daniel Thurman,2023-12-13,closed
394,Audre Balhatchet,2023-11-12,closed
395,Kellby Kenwood,2021-06-27,active
396,Zeke Claringbold,2023-09-03,active
397,Abdel Paver,2021-12-03,active
398,Reyna Ivushkin,2023-05-31,closed
399,Hinda Billington,2024-07-18,active
400,Ariel Botton,2023-09-18,active
401,Lara Pimlock,2021-12-14,active
402,Pail Beau,2023-01-11,active
403,Lane Garr,2024-07-09,closed
404,Goober Jacklings,2023-12-06,active
405,Tobe Perrett,2023-05-02,active
406,Freddie Gemlbett,2022-12-06,closed
407,Kathleen Whittick,2023-02-07,closed
408,Phillis Romayne,2022-11-21,closed
409,Peggy Glendining,2021-09-13,closed
410,Cynde Peet,2023-08-10,closed
411,Jeri Stollberger,2024-07-17,active
412,Kaine Beddin,2021-12-12,closed
413,Bron Bertelet,2022-05-10,active
414,Nestor Rableau,2024-07-25,closed
415,Emmet Glasspoole,2021-07-01,closed
416,Godiva Plaice,2024-01-23,closed
417,Darsie Panas,2022-10-07,active
418,Dolores Huniwall,2023-01-23,closed
419,Lilly Relf,2024-01-15,closed
420,Maxine Ragsdall,2024-02-07,closed
421,Kip Coggles,2024-03-10,active
422,Wilden Hearsum,2022-01-11,active
423,Amity Vinnicombe,2023-09-27,closed
424,Lucina Clowley,2022-06-06,closed
425,Chaim Getsham,2022-03-22,closed
426,Nonnah Mayler,2023-01-22,closed
427,Pegeen Zettler,2023-09-24,closed
428,Melany Hastwall,2022-09-04,closed
429,Cayla Geroldini,2023-05-15,closed
430,Brew Ciccone,2023-01-10,closed
431,Patrizio Guymer,2021-10-21,closed
432,Kienan Shortland,2021-12-03,closed
433,Elizabet Pharrow,2024-06-19,active
434,Fonzie Jelf,2024-03-23,closed
435,Blondy Erat,2021-10-27,active
436,Steward Lissenden,2023-12-05,closed
437,Pris Hardi,2023-05-31,active
438,Daniele Nipper,2023-12-27,active
439,Kristofor Stepto,2023-03-02,active
440,Waldemar Ogilvie,2022-12-08,closed
441,Roana Sherel,2022-02-25,active
442,Moses McFie,2022-10-01,active
443,Claudie Broadist,2022-07-30,active
444,Pia MacGaughy,2024-04-10,active
445,Onofredo Pearse,2024-01-07,active
446,Dru Sandells,2022-04-09,closed
447,Doria Haack,2022-06-21,active
448,Blane Crookall,2021-10-16,closed
449,Edd Rixon,2021-10-02,closed
450,Amber Curr,2021-08-24,closed
451,Randall Boldra,2024-07-10,closed
452,Boniface Radcliffe,2023-06-14,closed
453,Lee Rosenschein,2024-06-20,closed
454,Valle Vaskin,2024-02-21,active
455,Homerus Collin,2022-01-23,closed
456,Latisha O'Lenechan,2024-04-18,closed
457,Catlee Strathearn,2023-05-28,active
458,Ernest Struis,2022-08-05,active
459,Sawyere Zelley,2022-01-20,active
460,Ozzy Lawrenz,2022-11-24,closed
461,Decca Draxford,2021-11-16,closed
462,Erroll Loeber,2022-11-02,active
463,Fionna Cauderlie,2023-10-18,closed
464,Inna Lucas,2022-05-24,closed
465,Yankee Kenneway,2023-07-16,active
466,Mitzi Stogill,2022-12-04,closed
467,Aridatha Sedgebeer,2024-02-14,closed
468,Barnard Imison,2022-05-26,active
469,Kaspar Deeks,2023-05-11,active
470,Delbert Feragh,2023-06-21,closed
471,Talyah Pendergrast,2023-12-18,closed
472,Dag McGonnell,2022-02-15,active
473,Beret Mault,2023-01-21,closed
474,Swen Gallihaulk,2023-05-27,closed
475,Everard Lates,2023-09-26,closed
476,Whitaker Hargie,2023-06-06,closed
477,Bogey Bonifacio,2022-08-28,active
478,Thatcher Slight,2021-07-07,active
479,Alejandro Purcer,2023-03-14,closed
480,Jereme Ollier,2024-02-17,active
481,Aloise Sleford,2022-10-19,active
482,Yves Gimson,2023-08-02,closed
483,Pebrook Gabbetis,2022-01-10,active
484,Katharine Shortin,2022-07-16,active
485,Brooke Mundow,2022-12-22,active
486,Phillipe Finch,2021-12-24,active
487,Lon Brickham,2022-06-24,closed
488,Ian Blaw,2023-03-23,active
489,Dorian Ingham,2024-03-31,active
490,Claudelle Wolfer,2024-06-05,active
491,Joice Cruce,2024-06-19,active
492,Margie Gerrets,2021-06-24,closed
493,Fey Royson,2022-01-19,active
494,Fidela Duigenan,2022-01-26,closed
495,Dorthy Wackett,2024-04-19,closed
496,Falkner Everil,2023-02-10,active
497,Abby Beeston,2022-05-04,closed
498,Glynis Klimsch,2022-08-11,closed
499,Joelynn Purbrick,2022-06-30,closed
500,Priscilla Wanklin,2024-07-05,active
501,Meggi Evins,2021-09-16,active
502,Nev Jiracek,2023-01-11,active
503,Bucky Feirn,2022-07-22,closed
504,Leandra Morgen,2022-05-06,closed
505,Berkley Haistwell,2021-11-08,active
506,Micky Mc Pake,2022-12-11,closed
507,Tuck Barradell,2022-03-19,active
508,Lonnie Ianittello,2021-09-07,closed
509,Janith Wilfling,2023-12-13,active
510,Jeni Larrat,2022-06-04,closed
511,Gris Shelsher,2024-05-20,active
512,Walsh Gosnell,2023-07-05,active
513,Lindi Roofe,2023-01-14,closed
514,Sybila Trower,2022-07-12,active
515,Phil Snoding,2022-12-15,active
516,Archibold Chimes,2023-12-09,active
517,Jennine Normanton,2022-10-27,active
518,Marylee Hughf,2023-02-28,closed
519,Jermayne Hannaby,2021-11-27,active
520,Shelby Rizzotto,2023-02-01,active
521,Dennison Chavrin,2022-10-21,active
522,Nana Aldwich,2024-03-10,active
523,Fredric Scheu,2022-05-13,active
524,Tobe Hamlet,2023-12-07,active
525,Horace Kilbride,2022-01-14,closed
526,Claudine Meriot,2022-01-28,active
527,Clea Mowsdell,2022-10-28,closed
528,Betsey Colt,2023-02-09,closed
529,Gery Mohamed,2023-05-26,closed
530,Karrie Gabits,2022-03-21,active
531,Lyda Hebbron,2023-07-19,active
532,Bary Rogier,2023-12-23,active
533,Gunner Lindholm,2024-07-27,active
534,Christin Anfosso,2023-04-15,closed
535,Alisha Strognell,2022-04-05,closed
536,Sholom Cron,2023-03-01,closed
537,Alyson Jiras,2024-05-11,active
538,Joelynn Adao,2022-10-21,closed
539,Crista Readshaw,2022-01-05,active
540,Leonora Kobsch,2022-08-05,active
541,Janka Mouse,2024-02-01,closed
542,Salome Tutton,2021-07-01,active
543,Alison Selesnick,2022-03-14,closed
544,Bondie Covill,2023-11-18,closed
545,Jacquelin Layhe,2023-07-16,active
546,Shellysheldon di Rocca,2021-09-06,active
547,Maye Gotcliff,2022-01-04,closed
548,Paule Tax,2022-08-19,active
549,Genovera Heinreich,2022-05-20,closed
550,Kathleen Passmore,2023-04-15,closed
551,Tine Garling,2023-01-04,active
552,Joya Overbury,2024-06-25,active
553,Ali Sallarie,2024-04-02,active
554,Fletcher Caudell,2022-12-03,closed
555,Latashia Danilovic,2022-08-12,active
556,Torrance Tegeller,2024-03-18,closed
557,Dawna Meadley,2024-04-10,active
558,Merola Jennery,2024-03-02,active
559,Nada Beecraft,2021-10-31,active
560,Cloris Gothard,2023-05-16,active
561,Junie Pymar,2023-09-20,closed
562,Saunders Verbruggen,2024-07-01,active
563,Gusta Lansdowne,2022-07-07,closed
564,Batholomew Tapner,2023-07-04,active
565,Sebastiano Lettington,2021-07-08,closed
566,Averil Rominov,2023-06-06,active
567,Berte Dackombe,2023-07-15,active
568,Jolene Leil,2022-02-15,active
569,Gilberte Aymes,2021-06-22,closed
570,Elmira Francomb,2022-10-15,closed
571,Lenora Beinisch,2023-05-07,active
572,Junina Gatherell,2022-10-15,active
573,Tania Jagielski,2021-10-10,active
574,Berk De Maine,2021-09-17,active
575,Vilma Kennon,2023-08-07,active
576,Felisha Meachan,2023-07-01,closed
577,Anna-diane Roggero,2024-05-09,active
578,Stephen Docket,2024-06-16,closed
579,Evangelin Standbrook,2022-03-11,closed
580,Starr Primett,2021-07-19,active
581,Cointon Arington,2022-07-28,active
582,Bianka Winsom,2021-09-13,closed
583,Renaldo Cobbold,2024-07-13,active
584,Alessandro Loseke,2022-07-09,closed
585,Ynez Bruin,2021-08-16,closed
586,Hestia Dorrity,2024-07-08,closed
587,Olia Bartczak,2023-04-25,active
588,Rick Yu,2022-06-26,closed
589,Angy Macrow,2022-06-10,closed
590,Peyter Binfield,2023-02-10,active
591,Phaidra Kleingrub,2022-12-27,closed
592,Faith McGarva,2022-01-01,active
593,Tannie Clurow,2022-07-27,active
594,Gretna Clempton,2023-11-17,closed
595,Ramonda Hankey,2024-05-01,closed
596,Sutherland Reide,2023-12-09,closed
597,Celestia Matuszkiewicz,2023-04-16,active
598,Jesse Geke,2024-03-20,active
599,Andrew Rieme,2023-12-01,closed
600,Ali Ensley,2021-08-15,closed
601,Philipa O' Concannon,2024-01-08,active
602,Guillermo Langthorne,2024-05-31,active
603,Linn St Angel,2022-07-18,active
604,Anabel McIntee,2022-12-26,closed
605,Putnam Lubeck,2024-01-13,active
606,Saxe Portsmouth,2023-09-21,active
607,Sherlock Mousby,2023-09-02,active
608,Josy Yearron,2021-11-27,closed
609,Casandra Lambarton,2024-07-13,closed
610,Correy Racher,2022-07-20,closed
611,Jonah Dorwood,2023-06-20,closed
612,Bennie Tideswell,2023-04-19,closed
613,Evangeline Skeels,2024-06-27,active
614,Amye Jakuszewski,2022-07-12,closed
615,Emogene Overy,2023-06-23,closed
616,Hope Demetr,2021-10-31,closed
617,Eden Jenman,2023-02-20,active
618,Naoma Tomczynski,2023-08-18,active
619,Kelci Standrin,2021-10-10,closed
620,Baudoin Espinos,2023-08-04,active
621,Carina Daspar,2024-05-19,closed
622,Theodore Sarjant,2024-05-16,closed
623,Carolina Queripel,2023-06-18,active
624,Elsinore Hayden,2023-03-30,active
625,Jackquelin Doidge,2023-03-07,active
626,Lula Poulter,2023-06-03,active
627,Alvy Foxen,2023-01-05,active
628,Glynn McMonnies,2023-02-02,active
629,Ardenia Rearie,2022-07-18,active
630,Julieta Crowley,2023-08-28,closed
631,Orella Grouse,2022-10-03,closed
632,Darbie Dorr,2024-07-26,active
633,Dalis Sapsforde,2024-07-23,closed
634,Gibby Royall,2021-08-05,active
635,Harli Goldthorp,2021-11-15,closed
636,Veda Delong,2023-03-26,closed
637,Elset Curds,2023-09-30,active
638,Guthrey Silverman,2022-07-31,closed
639,Ethelda Corriea,2023-01-24,closed
640,Pattin Broun,2024-02-22,closed
641,Jasun Amberger,2023-08-07,active
642,Doti Shave,2022-05-07,closed
643,Garrett Rait,2022-02-26,active
644,Aksel Tolworth,2022-02-16,closed
645,Che Puckring,2024-01-02,active
646,Rebe Border,2023-02-16,closed
647,Dacey Hawyes,2022-08-10,closed
648,Urban Sherbrook,2023-01-30,active
649,Cammy Wilsdon,2024-05-02,closed
650,Adelind McLanachan,2022-10-16,closed
651,Wally O'Finan,2022-09-05,active
652,Octavius Cathel,2022-10-21,closed
653,Selena Clohissy,2023-11-20,closed
654,Margaret Whardley,2021-06-27,active
655,Tod Murgatroyd,2024-07-09,active
656,Hortense Rothera,2024-07-29,active
657,Erinna Kermannes,2021-12-24,closed
658,Eloise Brakespear,2024-04-16,closed
659,Lorna Rome,2024-02-19,active
660,Nickey Ackers,2022-02-25,active
661,Sly Korneichuk,2024-03-14,closed
662,Cosetta Chalice,2021-09-26,active
663,Xylia Wilcockes,2024-02-23,closed
664,Dorian Perkinson,2022-09-27,active
665,Shannan Zoane,2021-08-22,active
666,Rickard Baistow,2023-02-07,closed
667,York Mixon,2023-11-22,closed
668,Jemie Bushnell,2021-12-29,closed
669,Hurlee Whyborn,2023-03-11,active
670,Toby Toby,2022-11-06,closed
671,Kalli Mcmanaman,2023-08-10,closed
672,Helsa Hendren,2022-05-03,active
673,Wesley Sexti,2021-09-23,closed
674,Eduard Geggus,2021-07-11,closed
675,Byram Lazonby,2021-11-14,closed
676,Mariya Checcuzzi,2024-03-01,closed
677,Marius Livezley,2023-09-13,closed
678,Carmelia Nolleth,2024-05-20,active
679,Clarabelle Purvis,2021-08-31,active
680,Toddy Blizard,2024-06-24,closed
681,Sukey Tansey,2023-05-30,closed
682,Sarine Dowdney,2022-05-14,active
683,Nadean Dobbie,2024-07-11,active
684,Claribel Harm,2022-07-27,active
685,Phillip Nicholl,2024-01-22,closed
686,Suzanna Akred,2022-07-31,active
687,Sunny Chisman,2022-11-02,active
688,Gregor Udall,2021-08-03,active
689,Mary Bunney,2024-05-29,closed
690,Christian Gilhouley,2023-09-27,closed
691,Candie Strathe,2023-02-14,closed
692,Joyce Ripley,2024-06-21,active
693,Rivalee Paulo,2021-09-28,active
694,Gayla Alfonsetto,2023-07-03,closed
695,Devan Handover,2022-09-08,closed
696,Phil Bartles,2021-10-06,active
697,Petrina Bouts,2024-04-10,closed
698,Duff Littlejohns,2023-06-16,active
699,Gearard Petrello,2024-02-02,active
700,Nickie Goncalo,2022-05-27,closed
701,Wiatt Tubb,2024-04-19,active
702,Magdalen Clementucci,2022-07-09,active
703,Reece Canepe,2023-10-19,closed
704,Petunia Detoile,2021-08-26,active
705,Minnnie Dutteridge,2021-07-19,closed
706,Audi Clemerson,2023-12-11,active
707,Susann Thorsen,2023-09-11,closed
708,Dyanna Cragell,2022-06-30,active
709,Gordy Leftley,2022-06-22,active
710,Ilene Evers,2023-06-29,active
711,Yurik Nellen,2021-07-28,active
712,Kimbra Kinder,2022-03-12,closed
713,Lurlene Ackroyd,2022-08-24,closed
714,Matty Guinery,2022-06-13,active
715,Agna Colls,2023-03-07,closed
716,Patty Decruse,2024-02-03,closed
717,Floyd Fielding,2021-07-22,closed
718,Ferris Agg,2023-05-29,closed
719,Derrek Schirok,2024-02-18,active
720,Ivy Bembrigg,2023-02-15,closed
721,Casey Hooban,2022-01-17,active
722,Biddy Seabon,2023-10-23,closed
723,Yance Axton,2023-01-28,active
724,Farra Hackford,2021-12-05,active
725,Mirella Fanti,2022-12-04,active
726,Cris Barensky,2022-05-19,closed
727,Alwin Barthrup,2022-10-17,active
728,Salomone Bonifazio,2022-10-09,closed
729,Camilla Sivess,2021-10-04,closed
730,Myles Zavattero,2023-12-20,active
731,Ashley Mongeot,2021-08-15,active
732,Maure Monte,2022-08-31,closed
733,Booth Gulk,2023-08-20,closed
734,Packston Maurice,2024-02-21,active
735,Abbie Pallant,2022-04-10,closed
736,L;urette Gilley,2022-07-08,active
737,Massimo Alessandrucci,2023-09-15,closed
738,Libbie Wikey,2021-07-08,active
739,Rodrique Ropking,2023-08-13,closed
740,Brad Bothram,2022-06-15,active
741,Stirling McClure,2024-02-26,closed
742,Vicki Le feaver,2022-11-09,active
743,Francyne Bamforth,2021-11-25,closed
744,Gordie Ogg,2021-06-29,active
745,Gene Pideon,2022-07-01,active
746,Welby Haggata,2022-05-02,active
747,Selene Libby,2023-01-25,closed
748,Cesya Rosewell,2024-02-12,closed
749,Derrick Girardot,2023-02-19,closed
750,Leshia Kirkham,2021-11-23,closed
751,Quincey Rising,2022-07-03,active
752,Ella Startin,2021-10-09,active
753,Brunhilde Worster,2023-05-25,closed
754,Wendall Baggot,2022-04-19,active
755,Timmy Hazelton,2023-01-17,closed
756,Gaultiero Beek,2024-04-06,active
757,Sly Harbage,2023-10-23,active
758,Mandy Dagger,2023-07-24,active
759,Emmy Melsom,2024-03-03,closed
760,Nolan Attfield,2022-02-03,closed
761,Chloe Radnedge,2022-07-20,active
762,Von Troker,2023-05-07,active
763,Blane Jack,2024-05-08,active
764,Lionel Dash,2024-03-10,closed
765,Modestia Troucher,2021-11-23,closed
766,Anson Slaymaker,2024-07-02,closed
767,Netta Thys,2023-11-26,active
768,Livy Pykerman,2021-10-04,active
769,Eyde Barby,2023-05-19,closed
770,Shell Bankes,2024-02-21,closed
771,Candra Thorius,2024-06-18,active
772,Lesya Brandi,2022-10-30,closed
773,Tabbie Newark,2022-06-07,active
774,Westleigh O'Connolly,2022-11-29,closed
775,Patty Goves,2021-11-02,active
776,Dorene Varfolomeev,2024-05-14,active
777,Clint Dionisio,2024-05-04,active
778,Cathyleen Danbye,2022-05-13,active
779,Janela Yitzovicz,2022-11-01,active
780,Alyce Sandeland,2022-08-06,closed
781,Annadiane Bosence,2023-05-16,active
782,Marisa Males,2023-12-12,active
783,Mindy Stanney,2024-04-12,closed
784,Annissa Bulter,2022-10-11,closed
785,Cirillo Walne,2023-06-09,closed
786,Renault MacTurlough,2021-09-26,active
787,Kaitlynn Feavers,2022-11-18,active
788,Virginie Rockcliff,2023-02-23,closed
789,Mack Danforth,2024-07-20,closed
790,Margot Cawt,2022-03-05,closed
791,Fan Tremathack,2024-05-17,active
792,Dinnie Burrett,2023-04-04,closed
793,Regine Di Biagi,2022-04-11,active
794,Ban Ellaway,2022-06-27,active
795,Patrizius Fernan,2021-12-29,closed
796,Sam Crummie,2023-07-21,closed
797,Teressa Khristyukhin,2023-09-29,closed
798,Meredith Dackombe,2023-12-15,active
799,Lurline Martinec,2024-07-18,active
800,Tabina Le Floch,2024-02-24,active
801,Pebrook Stoodale,2023-09-04,closed
802,Zorina Hyndman,2022-08-01,closed
803,Mikol Frazier,2022-06-28,active
804,Ag Peris,2022-09-13,active
805,Frederick Blaydes,2023-01-03,closed
806,Sapphira Tremblet,2022-01-13,active
807,Aldis Swadlen,2024-02-28,closed
808,Mia Somerled,2023-10-22,closed
809,Kelly Bowers,2021-08-27,active
810,Gray Ayree,2023-03-03,active
811,Hyman Jasper,2024-06-15,active
812,Luella Embling,2024-01-12,active
813,Annelise Vallantine,2023-08-30,active
814,Klarika Gummie,2024-05-29,closed
815,Haleigh Oldacres,2023-01-26,closed
816,Katti Raecroft,2023-08-30,active
817,Emlen Mattiacci,2023-07-26,active
818,Sonya Deesly,2022-04-12,active
819,Gelya Wonham,2023-06-08,closed
820,Darwin Fluck,2024-04-30,closed
821,Eddy Casaletto,2022-06-08,active
822,Norrie Adamini,2024-01-29,closed
823,Mariquilla Baldi,2023-09-27,closed
824,Deonne Idiens,2024-06-22,active
825,Kathy Stemson,2022-04-27,closed
826,Cori Brumhead,2021-09-30,closed
827,Allen Rhead,2022-11-06,closed
828,Ahmed O'Curran,2023-05-10,active
829,Pippa Reddell,2024-02-05,closed
830,Brose Arboin,2022-11-25,active
831,Rutherford Sutch,2021-07-24,closed
832,Harry Hyams,2024-04-20,active
833,Jayme Zealander,2023-10-09,active
834,Jennee Lead,2023-11-23,closed
835,Elbertina Abotson,2023-06-22,active
836,Britney Schreurs,2022-05-31,active
837,Pammie Carvell,2021-12-22,active
838,Corly Kix,2022-08-01,closed
839,Frederik Helis,2022-08-08,closed
840,Dennet Bjorkan,2024-06-23,closed
841,Lorelle Ferentz,2021-12-20,closed
842,Dru Daborn,2024-05-06,active
843,Junie Aymerich,2022-12-11,active
844,Lucius Puckey,2022-03-24,active
845,Drake Sikorsky,2021-08-21,active
846,Ethelbert Greder,2021-09-06,closed
847,Keslie Karchewski,2021-09-07,active
848,Faydra Cucinotta,2021-11-12,closed
849,Rob Horribine,2023-02-08,closed
850,Jamill Yuryshev,2022-05-01,closed
851,Arlen Lythgoe,2022-12-25,active
852,Tucky Myhill,2023-09-14,active
853,Julianne Lackner,2024-05-02,closed
854,Allayne Alston,2022-08-01,closed
855,Bevin Skoof,2023-05-25,closed
856,Doyle Flintuff,2023-08-30,closed
857,Marcellus Puckrin,2022-06-04,active
858,Mayor Boarder,2021-11-25,closed
859,Carmina Zuann,2024-05-20,closed
860,Gasper Pomphrett,2022-02-20,closed
861,Genvieve Rutland,2022-08-21,closed
862,Caressa Jordine,2021-09-09,closed
863,Glynnis Brumfield,2022-02-15,closed
864,Darcy Jamme,2021-09-10,active
865,Alexa Saynor,2023-06-15,closed
866,Thibaud Fishlock,2022-06-28,active
867,Mattheus Bergeau,2023-01-06,active
868,Lanette Willbond,2023-02-03,closed
869,Tades Honatsch,2023-12-18,closed
870,Patrice Landsbury,2022-01-23,active
871,Katie Brent,2022-11-03,active
872,Deerdre Baudy,2023-05-19,closed
873,Land Grima,2022-03-04,closed
874,Delly Livermore,2024-02-18,closed
875,Ambros Kildea,2021-11-12,closed
876,Meriel MacAlinden,2022-04-17,closed
877,Robbin Schach,2021-06-26,active
878,Harley MacGille,2022-05-30,closed
879,Yorke Penbarthy,2021-07-01,active
880,Constantino Bampford,2023-04-20,closed
881,Amalia Ourry,2023-06-09,closed
882,Seumas Twede,2023-08-17,active
883,Ingeborg Hance,2022-05-24,active
884,Deerdre Cocksedge,2023-04-06,active
885,Pacorro Loverock,2024-01-19,active
886,Tatiania Roze,2023-06-12,closed
887,Erina Buyers,2022-11-17,closed
888,Herold Burdfield,2023-12-03,active
889,Wain Imm,2022-05-19,closed
890,Albie Seadon,2024-06-30,closed
891,Sanson Colbeck,2022-10-09,closed
892,Dynah Duddridge,2022-09-17,active
893,Dominique Brodway,2022-09-05,active
894,Ashleigh Baudou,2023-07-21,active
895,Laverne Dybell,2024-03-21,closed
896,Debor Marshallsay,2024-02-17,active
897,Donelle Willmont,2023-05-30,closed
898,Audi Rosenbaum,2023-06-06,active
899,Dermot Talloe,2022-05-19,active
900,Buddy O'Spillane,2021-12-24,closed
901,Michel McQuaker,2021-08-29,closed
902,Lea Kupker,2021-11-22,closed
903,Darlene Matzen,2021-10-08,active
904,Vallie Bredgeland,2023-12-13,active
905,Shae Donneely,2022-01-22,closed
906,Romola Cohrs,2022-02-17,active
907,Danny Wadworth,2023-08-17,active
908,Ramona Biddle,2024-06-08,closed
909,Gawen Paulucci,2021-09-19,closed
910,Thorndike Awmack,2023-01-21,active
911,Welsh Blain,2024-02-11,closed
912,Kliment McGarrell,2023-04-30,closed
913,Tally Scarsbrick,2022-01-05,active
914,Tova Gorwood,2022-07-27,closed
915,Clea Kopps,2023-12-31,active
916,Marnie Syphus,2021-12-29,closed
917,Jacqui Ive,2024-07-09,closed
918,Lyda Hunnawill,2021-12-07,active
919,Quintana Jamieson,2022-06-20,active
920,Julieta Yarnall,2024-04-20,closed
921,Darelle Tomasek,2023-11-14,active
922,Malissa Showell,2023-11-14,active
923,Chastity Clynman,2022-12-01,active
924,Freddy Quan,2024-07-29,closed
925,Micheil Mawer,2022-07-18,active
926,Cathi Groucutt,2024-04-17,closed
927,Tiphani Bole,2022-06-06,active
928,Angil Jobbings,2023-07-02,closed
929,Whitman Siggens,2022-07-13,active
930,Stevana Greenig,2023-10-25,active
931,Allin Bentinck,2024-05-19,closed
932,Ginny Whitewood,2021-07-25,closed
933,Eduino Kemster,2022-02-08,active
934,Trudey Larive,2023-07-02,closed
935,Jdavie Bello,2022-09-08,active
936,Corina Androck,2024-03-27,closed
937,Joela Fury,2023-09-18,active
938,Jock Skedgell,2022-04-19,active
939,Kenton Loud,2023-01-20,closed
940,Arlen Bereford,2021-08-11,active
941,Mira O'Scollain,2023-12-12,active
942,Fred Bordessa,2021-07-05,closed
943,Aurelie Kores,2023-02-26,closed
944,Dion Attyeo,2023-10-13,active
945,Tawsha Andrew,2022-08-03,active
946,Laraine Sommer,2022-03-08,closed
947,Cherlyn Wrigley,2021-10-01,active
948,Shayne Jeggo,2022-11-11,active
949,Huntley Bridden,2022-01-01,active
950,Temple Zannotti,2024-01-03,active
951,Joya Balch,2023-05-08,closed
952,Guido Michiel,2022-01-24,active
953,Blisse Servis,2021-08-07,closed
954,Luci Knatt,2023-02-20,active
955,Mae Dashkov,2022-11-22,active
956,Dyane MacInherney,2024-05-10,active
957,Aile Heephy,2022-07-05,closed
958,Leif Boundey,2021-12-31,active
959,Hedvig Sissot,2022-05-22,closed
960,Julianne Daniellot,2023-08-18,closed
961,Karena Babar,2021-09-17,active
962,Mina Govan,2021-09-04,closed
963,Ricki Grevatt,2022-06-05,active
964,Yolanthe Nipper,2024-01-16,closed
965,Sheeree Twelvetrees,2023-02-22,active
966,Pail Dumphrey,2023-07-27,active
967,Blondy Brody,2023-02-14,closed
968,Cirillo Hassall,2023-02-06,closed
969,Ximenes Wagenen,2023-11-20,active
970,Emmalyn MacAdie,2022-01-10,active
971,Barney Scouler,2021-09-10,closed
972,Trescha Tourle,2022-02-09,closed
973,Tasha Ipgrave,2023-09-04,active
974,Guthrie Wilber,2023-02-07,active
975,Giuseppe Hercules,2021-09-27,closed
976,Diarmid Walkington,2022-06-04,active
977,Worth Flescher,2024-04-18,active
978,Loella Rockwill,2022-09-19,closed
979,Dorene Doggerell,2021-09-18,closed
980,Christa Shingler,2022-10-25,closed
981,Brittney Chieco,2021-07-05,active
982,Sela Baines,2022-02-20,closed
983,Ruy Dinsmore,2022-09-03,closed
984,Erika Felipe,2022-08-02,closed
985,Rafaelita Tink,2022-02-03,closed
986,Alexandros Brecken,2021-11-08,closed
987,Kayle Forber,2022-07-07,active
988,Leia Clever,2022-11-07,active
989,Morten Isaac,2022-10-21,closed
990,Webb Carnegy,2021-12-06,active
991,Heall Turland,2021-07-12,active
992,Edan Bracchi,2022-06-14,closed
993,Malynda Korfmann,2024-02-20,closed
994,Shanta Gant,2021-09-23,closed
995,Darb McKellen,2022-02-09,closed
996,Aylmer Ragg,2024-03-29,active
997,Eda Reekie,2021-12-21,active
998,Estevan More,2021-07-31,closed
999,Tedda Gidman,2024-01-28,closed
1000,Celisse Sowray,2021-11-13,active
